{
  "server": {
    "path": "",
    "hostname": "",
    "port": 10080,
    "protocol": "admin"
  },
  "apiIPs": [
    "101.69.131.10",
    "101.75.240.7",
    "110.80.129.143",
    "112.117.218.167",
    "113.113.80.9",
    "113.207.39.7",
    "113.6.246.37",
    "114.80.223.172",
    "116.207.118.12",
    "118.89.213.55",
    "120.221.74.132",
    "120.41.32.15",
    "121.32.238.201",
    "121.32.238.204",
    "122.228.77.82",
    "124.14.8.137",
    "124.232.151.74",
    "125.88.148.10",
    "14.136.134.86",
    "14.136.134.87",
    "140.143.177.142",
    "140.249.9.4",
    "218.98.33.197",
    "219.144.79.7",
    "221.13.201.9",
    "221.204.199.135",
    "222.186.35.81",
    "223.99.231.4",
    "27.221.106.4",
    "27.221.61.109",
    "36.248.28.7",
    "47.88.107.100",
    "47.88.138.238",
    "47.90.207.174",
    "47.90.50.109",
    "47.91.19.168",
    "47.91.74.133",
    "58.222.35.202",
    "58.222.35.205",
    "58.56.111.209",
    "59.47.225.8",
    "61.147.236.15",
    "61.188.190.7"
  ],
  "config": {
    "defaultUserID": 0,
    "defaultRoomID": 23058,
    "eventRooms": [
      23058
    ]
  },
  "user": {},
  "newUserData": {
    "nickname": "user",
    "userName": "bishi",
    "passWord": "password",
    "biliUID": 0,
    "accessToken": "",
    "cookie": "",
    "status": false,
    "doSign": false,
    "treasureBox": false,
    "eventRoom": false,
    "smallTV": false,
    "raffle": false,
    "sendGift": false,
    "sendGiftRoom": 0,
    "signGroup": false
  },
  "info": {
    "defaultUserID": {
      "description": "默认监听UID",
      "tip": "用来监听系统消息的用户ID, 默认为0",
      "type": "number"
    },
    "defaultRoomID": {
      "description": "默认监听RoomID",
      "tip": "用来监听系统消息的房间, 默认为23058(官方音乐台)",
      "type": "number"
    },
    "eventRooms": {
      "description": "挂机活动房间以,分隔",
      "tip": "挂取活动道具的房间, 默认为23058(官方音乐台), 有时活动只有主播报名才可以参加",
      "type": "numberArray"
    },
    "nickname": {
      "description": "昵称",
      "tip": "用户昵称, 与B站无关",
      "type": "string"
    },
    "userName": {
      "description": "用户名",
      "tip": "用户名, 最好为邮箱或电话号",
      "type": "string"
    },
    "passWord": {
      "description": "密码",
      "tip": "密码",
      "type": "string"
    },
    "biliUID": {
      "description": "B站UID",
      "tip": "bilibili站内的UID, 自动获取, 一般无用",
      "type": "number"
    },
    "accessToken": {
      "description": "Token",
      "tip": "access token, 自动获取, 一般无用",
      "type": "string"
    },
    "cookie": {
      "description": "Cookie",
      "tip": "cookie, 自动获取, 一般无用",
      "type": "string"
    },
    "status": {
      "description": "开关",
      "tip": "用户设置的总开关, 关闭时以下设置全部失效",
      "type": "boolean"
    },
    "doSign": {
      "description": "签到",
      "tip": "每日签到",
      "type": "boolean"
    },
    "treasureBox": {
      "description": "宝箱",
      "tip": "宝箱领瓜子",
      "type": "boolean"
    },
    "eventRoom": {
      "description": "每日任务",
      "tip": "限时的三个每日任务",
      "type": "boolean"
    },
    "smallTV": {
      "description": "小电视",
      "tip": "参与小电视",
      "type": "boolean"
    },
    "raffle": {
      "description": "抽奖",
      "tip": "参与抽奖",
      "type": "boolean"
    },
    "sendGift": {
      "description": "自动送礼",
      "tip": "自动送出剩余时间不足24小时的礼物",
      "type": "boolean"
    },
    "sendGiftRoom": {
      "description": "自动送礼房间",
      "tip": "要自动送出礼物的房间号",
      "type": "number"
    },
    "signGroup": {
      "description": "应援团签到",
      "tip": "自动签到所有已加入的应援团",
      "type": "boolean"
    }
  }
}